{
    "string":[
        {
            "name":"entry_desc",
            "value":"description"
        },
        {
            "name":"MainAbility_desc",
            "value":"power_dialog"
        },
        {
            "name":"MainAbility_label",
            "value":"label"
        },
        {
            "name":"ThermalServiceExtAbility_desc",
            "value":"description"
        },
        {
            "name":"ThermalServiceExtAbility_low_label",
            "value":"ThermalServiceExtAbility_low_label"
        },
        {
            "name":"PowerServiceExtAbility_label",
            "value":"PowerServiceExtAbility_label"
        },
        {
            "name":"BatteryServiceExtAbility_label",
            "value":"BatteryServiceExtAbility_label"
        },
        {
            "name":"ThermalServiceExtAbility_high_label",
            "value":"ThermalServiceExtAbility_high_label"
        },
        {
            "name":"BatteryServiceExtAbility_desc",
            "value":"description"
        },
        {
            "name":"PowerServiceExtAbility_reason",
            "value":"reboot or shutdown"
        },
        {
            "name":"BUTTON_CANCEL_POWERDIALOG",
            "value":"取消"
        },
        {
            "name":"BUTTON_SHUTDOWN_POWERDIALOG",
            "value":"关机"
        },
        {
            "name":"BUTTON_REBOOT_POWERDIALOG",
            "value":"重启"
        },
        {
            "name":"TEXT_POWER_OPTIONS_POWERDIALOG",
            "value":"电源选项"
        },
        {
            "name":"BUTTON_KNOW",
            "value":"知道了"
        },
        {
            "name":"TEXT_HIGH_TEMPERATURE_THERMALDIALOG_HIGH",
            "value":"高温"
        },
        {
            "name":"TEXT_LOW_TEMPERATURE_THERMALDIALOG_LOW",
            "value":"低温"
        },
        {
            "name":"BUTTON_CONFIRM",
            "value":"确定"
        },
        {
            "name":"WARNING_TIP",
            "value":"用于共享屏幕时，与会人可远程协助您的桌面"
        },
        {
            "name":"notice_title",
            "value":"远程协助"
        },
        {
            "name":"notice_text",
            "value":"%s正在远程协助您的桌面"
        },
        {
            "name":"bn_notice_cancel",
            "value":"断开远程协助"
        },
        {
            "name":"bn_agree",
            "value":"允许"
        },
        {
            "name":"bn_not_agree",
            "value":"不允许"
        },
        {
            "name":"text_inject_tip_title",
            "value":"允许%s使用您的屏幕"
        }
    ]
}