{
    "global": {
        "sandbox-root": "/mnt/sandbox/<currentUserId>/app-root",
        "sandbox-ns-flags": [ "pid" ]
    },
    "required": {
        "system-const": {
            "mount-paths": [{
                "sandbox-path" : "/config",
                "src-path" : "/config"
            }, {
                "sandbox-path" : "/dev",
                "src-path" : "/dev"
            }, {
                "sandbox-path" : "/proc",
                "src-path" : "/proc"
            }, {
                "sandbox-path" : "/sys",
                "src-path" : "/sys"
            }, {
                "sandbox-path" : "/sys_prod",
                "src-path" : "/sys_prod"
            }, {
                "sandbox-path" : "/system/app",
                "src-path" : "/system/app"
            }, {
                "sandbox-path" : "/system/fonts",
                "src-path" : "/system/fonts"
            }, {
                "src-path" : "/system/<lib>",
                "sandbox-path" : "/system/<lib>"
            }, {
                "src-path" : "/system/<lib>/platformsdk",
                "sandbox-path" : "/system/<lib>/platformsdk"
            }, {
                "src-path" : "/system/<lib>/ndk",
                "sandbox-path" : "/system/<lib>/ndk"
            }, {
                "src-path" : "/system/<lib>/module",
                "sandbox-path" : "/system/<lib>/module"
            }, {
                "src-path" : "/system/<lib>/chipset-pub-sdk",
                "sandbox-path" : "/system/<lib>/chipset-pub-sdk"
            }, {
                "src-path" : "/system/<lib>/chipset-sdk",
                "sandbox-path" : "/system/<lib>/chipset-sdk"
            }, {
                "src-path" : "/system/<lib>/seccomp",
                "sandbox-path" : "/system/<lib>/seccomp"
            }, {
                "src-path" : "/system/<lib>/extensionability",
                "sandbox-path" : "/system/<lib>/extensionability"
            }, {
                "src-path" : "/system/<lib>/media",
                "sandbox-path" : "/system/<lib>/media"
            }, {
                "sandbox-path" : "/system/data",
                "src-path" : "/system/data"
            }, {
                "sandbox-path" : "/system/usr",
                "src-path" : "/system/usr"
            }, {
                "sandbox-path" : "/system/profile",
                "src-path" : "/system/profile"
            }, {
                "sandbox-path" : "/system/bin",
                "src-path" : "/system/bin"
            }, {
                "sandbox-path" : "/system/etc",
                "src-path" : "/system/etc"
            }, {
                "src-path" : "/system/etc/hosts",
                "sandbox-path" : "/data/service/el1/network/hosts_user/hosts"
            }, {
                "sandbox-path" : "/system/resource",
                "src-path" : "/system/resource"
            }, {
                "sandbox-path" : "/vendor/<lib>",
                "src-path" : "/vendor/<lib>"
            }, {
                "sandbox-path" : "/vendor/etc/vulkan",
                "src-path" : "/vendor/etc/vulkan"
            }, {
                "sandbox-path" : "/vendor/etc/hiai",
                "src-path" : "/vendor/etc/hiai"
            }, {
                "src-path": "/storage/media/<currentUserId>/local/files/Docs/Downloads/<variablePackageName>",
                "sandbox-path": "/storage/Users/<currentUserId>/Downloads"
            }, {
                "src-path" : "/mnt/hmdfs/<currentUserId>/cloud/data/<PackageName>",
                "sandbox-path" : "/data/storage/el2/cloud"
            }, {
                "sandbox-path" : "/data/data/hiai",
                "src-path" : "/data/data/hiai"
            }],
            "mount-files": [{
                "src-path" : "/system/<lib>/ld-musl-arm.so.1",
                "sandbox-path" : "/system/<lib>/ld-musl-arm.so.1"
            }],
            "symbol-links" : [{
                "target-name" : "/system/bin",
                "link-name" : "/bin",
                "check-action-status": "false"
            }, {
                "target-name" : "/system/lib",
                "link-name" : "/lib",
                "check-action-status": "false"
            }, {
                "target-name" : "/system/etc",
                "link-name" : "/etc",
                "check-action-status": "false"
            }, {
                "target-name" : "/sys/kernel/debug",
                "link-name" : "/d",
                "check-action-status": "false"
            }],
            "mount-groups" : []
        },
        "app-variable": {
            "mount-paths": [{
                "sandbox-path": "/data/storage/el1/base",
                "src-path": "/data/app/el1/<currentUserId>/base/<variablePackageName>"
            }, {
                "sandbox-path": "/data/storage/el1/database",
                "src-path": "/data/app/el1/<currentUserId>/database/<variablePackageName>"
            }, {
                "src-path" : "/system/app/ohos.global.systemres",
                "sandbox-path" : "/data/global/systemResources"
            }, {
                "src-path" : "/system/app/SystemResources",
                "sandbox-path" : "/data/global/systemResources"
            }, {
                "src-path" : "/data/app/el1/bundle/public/<variablePackageName>",
                "sandbox-path" : "/data/storage/el1/bundle",
                "check-action-status": "true"
            }, {
                "src-path" : "/data/misc",
                "sandbox-path" : "/data/storage/el1/bundle/misc"
            }, {
                "src-path" : "/data/local/ark-cache/<variablePackageName>",
                "sandbox-path" : "/data/storage/ark-cache"
            }, {
                "src-path" : "/data/local/ark-profile/<currentUserId>/<variablePackageName>",
                "sandbox-path" : "/data/storage/ark-profile"
            }, {
                "src-path" : "/data/local/shader_cache/local/<variablePackageName>",
                "sandbox-path" : "/data/storage/shader_cache/local"
            }, {
                "src-path" : "/data/local/shader_cache/cloud/<PackageName>",
                "sandbox-path" : "/data/storage/shader_cache/cloud"
            }, {
                "src-path" : "/mnt/share/<currentUserId>/<PackageName_index>",
                "sandbox-path" : "/data/storage/el2/share"
            }, {
                "src-path" : "/data/service/el1/public/themes/<currentUserId>/a/app",
                "sandbox-path" : "/data/themes/a/app"
            }, {
                "src-path" : "/data/service/el1/public/themes/<currentUserId>/b/app",
                "sandbox-path" : "/data/themes/b/app"
            }, {
                "src-path" : "/data/service/el1/<currentUserId>/distributeddata/utd",
                "sandbox-path" : "/data/utd"
            }, {
                "src-path" : "/data/service/el1/public/cert_manager_service/certificates/user_open",
                "sandbox-path" : "/data/certificates/user_cacerts"
            }, {
                "src-path" : "/data/app/el1/bundle/public/com.ohos.nweb",
                "sandbox-path" : "/data/storage/el1/bundle/nweb"
            },{
                "src-path" : "/mnt/hmdfs/<currentUserId>",
                "sandbox-path" : "/mnt/hmdfs/<currentUserId>"
            }],
            "mount-groups": ["el2", "el3", "el4"]
        }
    },
    "conditional": {
        "permission": [{
            "name": "ohos.permission.FILE_ACCESS_MANAGER",
            "sandbox-switch": "ON",
            "gids": ["file_manager", "user_data_rw"],
            "mount-paths": [{
                "sandbox-path": "/storage/Users/<currentUserId>",
                "src-path": "/storage/media/<currentUserId>/local/files/Docs"
            }, {
                "sandbox-path": "/storage/Users/<currentUserId>/.Recent",
                "src-path": "/storage/media/<currentUserId>/local/files/.Recent"
            }],
            "mount-groups": [ "user-public" ]
        }, {
            "name": "ohos.permission.READ_IMAGEVIDEO",
            "sandbox-switch": "ON",
            "gids": ["user_data_rw"],
            "mount-paths": [{
                "sandbox-path": "/storage/Share/.thumbs/Photo",
                "src-path": "/storage/cloud/<currentUserId>/files/.thumbs/Photo"
            }]
        }, {
            "name": "ohos.permission.FILE_CROSS_APP",
            "gids": ["file_manager"],
            "mount-paths": [{
                "src-path": "/storage/media/<currentUserId>/local/files/Docs",
                "sandbox-path": "/storage/Users/<currentUserId>"
            }, {
                "src-path": "/data/app/el1/<currentUserId>/base",
                "sandbox-path": "/storage/Users/<currentUserId>/appdata/el1",
                "category": "dac_override"
            }, {
                "src-path": "/data/app/el2/<currentUserId>/base",
                "sandbox-path": "/storage/Users/<currentUserId>/appdata/el2",
                "category": "dac_override"
            }],
            "mount-groups": [ "user-public" ]
        }, {
            "name": "ohos.permission.ACTIVATE_THEME_PACKAGE",
            "mount-paths": [{
                "sandbox-path": "/data/themes/a/system",
                "src-path": "/data/service/el1/public/themes/<currentUserId>/a/system"
            }, {
                "sandbox-path": "/data/themes/b/system",
                "src-path": "/data/service/el1/public/themes/<currentUserId>/b/system"
            }, {
                "src-path": "/data/service/el1/public/themes/<currentUserId>/fa",
                "sandbox-path": "/data/themes/f"
            },{
                "src-path": "/data/service/el1/public/themes/<currentUserId>/share",
                "sandbox-path": "/data/themes/s"
            }]
        }, {
            "name": "ohos.permission.GET_WALLPAPER",
            "mount-paths": [{
                "sandbox-path": "/data/wallpaper",
                "src-path": "/data/service/el1/public/wallpaper/<currentUserId>"
            }]
        }, {
            "name": "ohos.permission.ACCESS_BUNDLE_DIR",
            "gids": ["wifi"],
            "mount-paths": [{
                "sandbox-path": "/data/bundles/",
                "src-path": "/data/app/el1/bundle/public"
            }]
        }, {
            "name": "ohos.permission.ACCESS_PROTOCOL_DFX_DATA",
            "mount-paths": [{
                "sandbox-path": "/data/log/protocol",
                "src-path": "/data/log/protocol"
            }, {
                "sandbox-path": "/log/chr",
                "src-path": "/log/chr"
            }]
        }, {
            "name": "ohos.permission.ACCESS_MEDIALIB_THUMB_DB",
            "gids": [3008],
            "mount-paths": [{
                    "src-path": "/data/app/el2/<currentUserId>/database/com.ohos.medialibrary.medialibrarydata",
                    "sandbox-path": "/data/medialibrary/database"
                }
            ]
        }, {
            "name": "ohos.permission.ACCESS_SHADER_CACHE_DIR",
            "mount-paths": [{
                "sandbox-path": "/data/storage/shader_caches",
                "src-path": "/data/local/shader_cache"
            }]
        }, {
            "name": "ohos.permission.ACCESS_HIVIEWX",
            "mount-paths": [{
                "sandbox-path": "/data/log/UserView",
                "src-path": "/data/log/UserView"
            }]
        }, {
            "name": "ohos.permission.PROTECT_SCREEN_LOCK_DATA",
            "mount-paths": [{
                "sandbox-path": "/data/storage/el5/base",
                "src-path": "/data/app/el5/<currentUserId>/base/<PackageName>"
            }, {
                "sandbox-path": "/data/storage/el5/database",
                "src-path": "/data/app/el5/<currentUserId>/database/<PackageName>"
            }]
        }, {
            "name": "ohos.permission.ACCESS_FILE_CONTENT_SHARE",
            "sandbox-switch": "ON",
            "gids": ["file_manager", "user_data_rw"],
            "mount-paths": [{
              "src-path": "/data/service/el2/public/file_monitor_service/content_share",
              "sandbox-path": "/storage/ContentShare"
           }]
        }, {
            "name": "ohos.permission.ACCESS_LOCAL_BACKUP",
            "gids": [1023],
            "mount-paths": [{
                "src-path": "/data/hwbackup",
                "sandbox-path": "/data/hwbackup"
            }]
        }],
        "spawn-flag": [{
            "name": "START_FLAGS_BACKUP",
            "mount-paths": [{
                "sandbox-path": "/data/storage/el2/backup",
                "src-path": "/data/app/el2/<currentUserId>/base/<variablePackageName>/.backup"
            }, {
                "sandbox-path": "/data/storage/el1/backup",
                "src-path": "/data/app/el1/<currentUserId>/base/<variablePackageName>/.backup"
            }],
            "mount-groups": []
        }, {
            "name": "DLP_MANAGER",
            "mount-paths": [ {
                "sandbox-path": "/data/storage/el1/base",
                "src-path": "/data/app/el1/<currentUserId>/base/<PackageName_index>"
            }, {
                "sandbox-path": "/data/storage/el1/database",
                "src-path": "/data/app/el1/<currentUserId>/database/<PackageName_index>"
            }, {
                "sandbox-path": "/data/storage/el2/base",
                "src-path": "/data/app/el2/<currentUserId>/base/<PackageName_index>"
            }, {
                "sandbox-path": "/data/storage/el2/database",
                "src-path": "/data/app/el2/<currentUserId>/database/<PackageName_index>"
            }, {
                "sandbox-path": "/data/storage/el2/log",
                "src-path": "/data/app/el2/<currentUserId>/log/<PackageName_index>"
            }, {
                "sandbox-path": "/data/storage/el2/share",
                "src-path": "/mnt/share/<currentUserId>/<PackageName_index>"
            }],
            "mount-groups": []
        }, {
            "name": "DEVELOPER_MODE",
            "mount-paths": [{
                "src-path": "/data/app/el1/bundle/<currentUserId>/hnppublic",
                "sandbox-path": "/data/service/hnp"
            }, {
                "src-path" : "/data/app/el1/bundle/<currentUserId>/hnp/<variablePackageName>",
                "sandbox-path" : "/data/app"
            }
        ]}],
        "package-name": [{
            "name": "com.ohos.medialibrary.medialibrarydata",
            "mount-paths" : [{
                "src-path" : "/storage/media/<currentUserId>",
                "sandbox-path" : "/storage/media"
            }, {
                "src-path" : "/data/service/el2/<currentUserId>/hmdfs/cache/account_cache",
                "sandbox-path" : "/data/service/el2/<currentUserId>/hmdfs/cache/account_cache"
            }, {
                "src-path" : "/storage/cloud/<currentUserId>",
                "sandbox-path" : "/storage/cloud"
            }, {
                "src-path" : "none",
                "sandbox-path" : "/storage/cloud/epfs",
                "category": "epfs"
            }, {
                "src-path" : "/mnt/data/<currentUserId>",
                "sandbox-path" : "/mnt/data/<currentUserId>"
            }]
        }, {
            "name" : "com.ohos.amsdialog",
            "sandbox-switch": "ON",
            "mount-paths" : [{
                "src-path" : "/data/app/el1/bundle/public/",
                "sandbox-path" : "/data/bundles/",
                "check-action-status": "true"
            }],
            "symbol-links" : []
        }, {
            "name": "com.ohos.dlpmanager",
            "sandbox-switch": "ON",
            "sandbox-shared" : "true",
            "mount-paths" :[{
                "src-path" : "/mnt/data/<currentUserId>",
                "sandbox-path" : "/mnt/data",
                "category": "shared",
                "check-action-status": "true"
            }, {
                "src-path" : "/dev/fuse",
                "sandbox-path" : "/mnt/data/fuse",
                "category": "dlp_fuse"
            }],
            "mount-groups": ["dlpmgr"]
        }, {
            "name" : "com.ohos.permissionmanager",
            "sandbox-switch": "ON",
            "mount-paths" : [{
                    "src-path" : "/data/app/el1/bundle/public/",
                    "sandbox-path" : "/data/bundles/",
                    "check-action-status": "true"
                }
            ],
            "symbol-links" : []
        }]
    },
    "name-groups": [{
        "name": "user-public",
        "type": "system-const",
        "mount-paths": [{
            "sandbox-path": "/storage/Share",
            "src-path": "/data/service/el1/public/storage_daemon/share/public"
        }, {
            "sandbox-path": "/storage/External",
            "src-path": "/mnt/data/external"
        }]
    }, {
        "name": "el2",
        "type": "app-variable",
        "deps-mode": "not-exists",
        "mount-paths-deps": {
            "sandbox-path": "/data/storage/el2",
            "src-path": "/data/app/el2/<currentUserId>/base",
            "category": "shared"
        },
        "mount-paths": [{
            "sandbox-path": "<deps-path>/base",
            "src-path": "/data/app/el2/<currentUserId>/base/<variablePackageName>"
        }, {
            "sandbox-path": "<deps-path>/database",
            "src-path": "/data/app/el2/<currentUserId>/database/<variablePackageName>"
        }, {
            "sandbox-path": "<deps-path>/log",
            "src-path": "/data/app/el2/<currentUserId>/log/<variablePackageName>"
        }, {
            "sandbox-path": "<deps-path>/auth_groups",
            "src-path": "/mnt/hmdfs/<currentUserId>/non_account/merge_view/data"
        }, {
            "sandbox-path": "<deps-path>/distributedfiles",
            "src-path": "/mnt/hmdfs/<currentUserId>/account/merge_view/data/<variablePackageName>"
        }, {
            "sandbox-path": "<deps-path>/share",
            "src-path": "/mnt/share/<currentUserId>/<PackageName_index>"
        }]
    }, {
        "name": "el3",
        "type": "app-variable",
        "deps-mode": "not-exists",
        "mount-paths-deps": {
            "sandbox-path": "/data/storage/el3",
            "src-path": "/data/app/el3/<currentUserId>/base",
            "category": "shared"
        },
        "mount-paths": [{
            "sandbox-path": "<deps-path>/base",
            "src-path": "/data/app/el3/<currentUserId>/base/<variablePackageName>"
        }, {
            "sandbox-path": "<deps-path>/database",
            "src-path": "/data/app/el3/<currentUserId>/database/<variablePackageName>"
        }]
    }, {
        "name": "el4",
        "type": "app-variable",
        "deps-mode": "not-exists",
        "mount-paths-deps": {
            "sandbox-path": "/data/storage/el4",
            "src-path": "/data/app/el4/<currentUserId>/base",
            "category": "shared"
        },
        "mount-paths": [{
            "sandbox-path": "<deps-path>/base",
            "src-path": "/data/app/el4/<currentUserId>/base/<variablePackageName>"
        }, {
            "sandbox-path": "<deps-path>/database",
            "src-path": "/data/app/el4/<currentUserId>/database/<variablePackageName>"
        }]
    }, {
        "name": "HspList",
        "type": "app-variable",
        "mount-paths": [{
            "sandbox-path": "/data/storage/el2/group/<bundle-name>/<module-name>",
            "src-path": "/data/app/el1/bundle/public/<bundle-name>/<version>/<module-name>"
        }]
    }, {
        "name": "DataGroup",
        "type": "app-variable",
        "mount-paths": [{
            "sandbox-path": "/data/storage/el2/group/<data-uuid>",
            "src-path": "<data-dir>"
        }]
    }, {
        "name": "Overlay",
        "type": "app-variable",
        "mount-paths": [{
            "sandbox-path": "/data/storage/overlay/<hap-name>",
            "src-path": "<hap-path>",
            "category": "shared"
        }]
    }]
}
