<?xml version="1.0" encoding="UTF-8"?>
<!-- Copyright (c) 2021 Huawei Device Co., Ltd.

     Licensed under the Apache License, Version 2.0 (the "License");
     you may not use this file except in compliance with the License.
     You may obtain a copy of the License at

          http://www.apache.org/licenses/LICENSE-2.0

     Unless required by applicable law or agreed to in writing, software
     distributed under the License is distributed on an "AS IS" BASIS,
     WITHOUT WARRANTIES OR CONDITIONS OF ANY KIND, either express or implied.
     See the License for the specific language governing permissions and
     limitations under the License.
-->

<configuration>
    <oatconfig>
        <filefilterlist>
            <filefilter name="binaryFileTypePolicyFilter" desc="Filters for binary file policies">
                <filteritem type="filename" name="*.png" desc="The framework image"/>
                <filteritem type="filename" name="openharmony_sx.p7b" desc="The power dialog compiles the signature file"/>
            </filefilter>
        </filefilterlist>
    </oatconfig>
</configuration>
