<?xml version="1.0" encoding="utf-8" ?>
<!-- Copyright (c) 2021-2022 Huawei Device Co., Ltd.

     Licensed under the Apache License, Version 2.0 (the "License");
     you may not use this file except in compliance with the License.
     You may obtain a copy of the License at

          http://www.apache.org/licenses/LICENSE-2.0

     Unless required by applicable law or agreed to in writing, software
     distributed under the License is distributed on an "AS IS" BASIS,
     WITHOUT WARRANTIES OR CONDITIONS OF ANY KIND, either express or implied.
     See the License for the specific language governing permissions and
     limitations under the License.
-->

<!--
    Power Mode Definitions:
    MODE_NORMAL = 600,
    MODE_POWER_SAVE = 601,
    MODE_PERFORMANCE = 602,
    MODE_EXTREME_POWER_SAVE = 603,
-->
<!--
    Action Definitions:
    DisplayOffTime = 101,
    SystemAutoSleepTime = 102,
    AutoAdjustBrightness = 103,
    AutoWindowRotation = 107,
    SystemBrightness = 115,
    VibratorsState = 120,
-->
<switch_proxy version="1">
    <proxy id="600">
        <switch id="101" value="-1" recover_flag="0"/>
        <switch id="102" value="0" recover_flag="0"/>
        <switch id="103" value="-1" recover_flag="0"/>
        <switch id="107" value="1" recover_flag="0"/>
        <switch id="115" value="102" recover_flag="0"/>
        <switch id="120" value="1" recover_flag="0"/>
    </proxy>
    <proxy id="601">
        <switch id="101" value="10000" recover_flag="0"/>
        <switch id="102" value="5000" recover_flag="0"/>
        <switch id="103" value="-1" recover_flag="0"/>
        <switch id="107" value="-1" recover_flag="0"/>
        <switch id="115" value="50" recover_flag="0"/>
        <switch id="120" value="-1" recover_flag="0"/>
    </proxy>
    <proxy id="602">
        <switch id="101" value="-1" recover_flag="0"/>
        <switch id="102" value="-1" recover_flag="0"/>
        <switch id="103" value="-1" recover_flag="0"/>
        <switch id="107" value="1" recover_flag="0"/>
        <switch id="115" value="255" recover_flag="0"/>
        <switch id="120" value="1" recover_flag="0"/>
    </proxy>
    <proxy id="603">
        <switch id="101" value="5000" recover_flag="0"/>
        <switch id="102" value="1000" recover_flag="0"/>
        <switch id="103" value="-1" recover_flag="0"/>
        <switch id="107" value="-1" recover_flag="0"/>
        <switch id="115" value="25" recover_flag="0"/>
        <switch id="120" value="-1" recover_flag="0"/>
    </proxy>
</switch_proxy>
